"Location","Donor","Recipient","sample_ID","surv_to_flower","F_plant","total_fruits","closed_fruits","filled_seeds"
1,"BB_173","BB_170","2022-BB-170-G1-001-7",4,1,0,0,0
1,"BB_023","BB_206","2022-BB-206-G1-001-5",3,1,2,1,6
2,"BB_075","BB_085","2022-BB-085-G1-002-3",8,1,0,0,0
2,"BB_107","BB_179","2022-BB-179-G1-002-3",8,1,0,0,0
2,"BB_075","BB_079","2022-BB-079-G1-002-4",0,0,0,0,0
3,"BB_028","BB_109","2022-BB-109-G1-003-2",7,1,1,1,2
3,"BB_141","BB_003","2022-BB-003-G1-003-1",6,1,0,0,0
3,"BB_174","BB_010","2022-BB-010-G1-003-5",5,1,0,0,0
4,"BB_099","BB_161","2022-BB-161-G1-004-4",2,1,0,0,0
4,"BB_194","BB_214","2022-BB-214-G1-004-6",4,1,0,0,0
4,"BB_051","BB_143","2022-BB-143-G1-004-7",5,1,5,3,28
5,"BB_115","BB_020","2022-BB-020-G1-005-5",3,1,3,2,7
5,"BB_167","BB_114","2022-BB-114-G1-005-5",3,1,1,1,1
5,"BB_108","BB_069","2022-BB-069-G1-005-4",3,1,4,1,6
5,"BB_065","BB_013","2022-BB-013-G1-005-8",3,1,1,1,0
6,"BB_175","BB_104","2022-BB-104-G1-006-8",4,1,0,0,0
6,"BB_005","BB_195","2022-BB-195-G1-006-4",7,1,1,0,0
6,"BB_047","BB_193","2022-BB-193-G1-006-8",6,1,1,1,6
7,"BB_196","BB_186","2022-BB-186-G1-007-7",6,1,4,1,2
7,"BB_182","BB_201","2022-BB-201-G1-007-1",7,1,0,0,0
7,"BB_122","BB_027","2022-BB-027-G1-007-2",2,1,1,1,3
8,"BB_125","BB_137","2022-BB-137-G1-008-3",3,1,0,0,0
8,"BB_015","BB_218","2022-BB-218-G1-008-7",4,1,0,0,0
8,"BB_144","BB_207","2022-BB-207-G1-008-6",3,1,1,0,0
9,"BB_108","BB_189","2022-BB-189-G1-009-6",5,1,0,0,0
9,"BB_188","BB_009","2022-BB-009-G1-009-2",1,1,2,0,0
9,"BB_176","BB_017","2022-BB-017-G1-009-4",3,1,1,0,0
10,"BB_115","BB_187","2022-BB-187-G1-010-3",1,1,2,2,0
10,"BB_099","BB_032","2022-BB-032-G1-010-5",1,1,0,0,0
10,"BB_168","BB_058","2022-BB-058-G1-010-2",4,1,1,1,11
10,"BB_182","BB_021","2022-BB-021-G1-010-3",2,1,1,1,0
11,"BB_197","BB_060","2022-BB-060-G1-011-3",1,1,17,13,47
11,"BB_142","BB_093","2022-BB-093-G1-011-7",3,1,5,4,41
11,"BB_047","BB_071","2022-BB-071-G1-011-7",0,0,0,0,0
12,"BB_174","BB_068","2022-BB-068-G1-012-2",1,1,0,0,0
12,"BB_202","BB_018","2022-BB-018-G1-012-6",2,1,3,1,14
13,"BB_047","BB_131","2022-BB-131-G1-013-6",7,1,1,1,4
13,"BB_141","BB_029","2022-BB-029-G1-013-5",6,1,1,1,3
13,"BB_198","BB_045","2022-BB-045-G1-013-6",6,1,1,0,0
14,"BB_175","BB_172","2022-BB-172-G1-014-4",2,1,2,1,1
14,"BB_028","BB_083","2022-BB-083-G1-014-7",3,1,6,4,25
14,"BB_011","BB_116","2022-BB-116-G1-014-6",4,1,1,0,0
15,"BB_066","BB_019","2022-BB-019-G1-015-1",3,1,0,0,0
15,"BB_099","BB_061","2022-BB-061-G1-015-8",1,1,4,2,0
16,"BB_215","BB_210","2022-BB-210-G1-016-6",2,1,0,0,0
16,"BB_005","BB_166","2022-BB-166-G1-016-5",5,1,2,2,5
17,"BB_005","BB_034","2022-BB-034-G1-017-5",5,1,1,1,3
17,"BB_057","BB_146","2022-BB-146-G1-017-7",4,1,2,2,12
17,"BB_091","BB_098","2022-BB-098-G1-017-2",3,1,1,1,0
18,"BB_202","BB_101","2022-BB-101-G1-018-2",4,1,2,2,9
18,"BB_066","BB_052","2022-BB-052-G1-018-5",2,1,1,1,1
19,"BB_177","BB_134","2022-BB-134-G1-019-6",2,1,1,0,0
19,"BB_177","BB_117","2022-BB-117-G1-019-5",3,1,6,6,8
19,"BB_028","BB_209","2022-BB-209-G1-019-6",4,1,1,0,0
20,"BB_075","BB_164","2022-BB-164-G1-020-4",6,1,1,1,4
20,"BB_142","BB_150","2022-BB-150-G1-020-3",4,1,8,7,53
20,"BB_130","BB_048","2022-BB-048-G1-020-8",2,1,1,1,2
21,"BB_167","BB_110","2022-BB-110-G1-021-6",2,1,0,0,0
21,"BB_169","BB_160","2022-BB-160-G1-021-3",2,1,2,1,2
21,"BB_215","BB_004","2022-BB-004-G1-021-4",3,1,3,1,6
22,"BB_073","BB_084","2022-BB-084-G1-022-4",3,1,1,1,1
22,"BB_011","BB_215","2022-BB-215-G1-022-5",5,1,0,0,0
22,"BB_038","BB_149","2022-BB-149-G1-022-6",4,1,2,2,29
23,"BB_182","BB_103","2022-BB-103-G1-023-5",7,1,34,16,139
23,"BB_130","BB_007","2022-BB-007-G1-023-7",4,1,0,0,0
23,"BB_173","BB_044","2022-BB-044-G1-023-4",0,0,0,0,0
24,"BB_057","BB_200","2022-BB-200-G1-024-5",6,1,3,2,10
24,"BB_197","BB_199","2022-BB-199-G1-024-1",2,1,0,0,0
24,"BB_197","BB_211","2022-BB-211-G1-024-3",1,1,0,0,0
25,"BB_100","BB_113","2022-BB-113-G1-025-2",5,1,1,1,0
25,"BB_188","BB_171","2022-BB-171-G1-025-2",6,1,0,0,0
25,"BB_091","BB_094","2022-BB-094-G1-025-2",2,1,0,0,0
26,"BB_202","BB_025","2022-BB-025-G1-026-4",4,1,0,0,0
26,"BB_176","BB_059","2022-BB-059-G1-026-3",4,1,1,1,0
26,"BB_014","BB_185","2022-BB-185-G1-026-4",5,1,2,1,2
27,"BB_026","BB_070","2022-BB-070-G1-027-6",3,1,1,1,0
27,"BB_073","BB_092","2022-BB-092-G1-027-8",4,1,0,0,0
27,"BB_108","BB_097","2022-BB-097-G1-027-1",2,1,0,0,0
28,"BB_169","BB_076","2022-BB-076-G1-028-1",6,1,2,2,6
28,"BB_107","BB_123","2022-BB-123-G1-028-4",2,1,0,0,0
28,"BB_194","BB_163","2022-BB-163-G1-028-6",2,1,0,0,0
29,"BB_168","BB_081","2022-BB-081-G1-029-5",1,1,0,0,0
29,"BB_100","BB_135","2022-BB-135-G1-029-8",2,1,1,1,0
31,"BB_173","BB_095","2022-BB-095-G1-031-8",6,1,0,0,0
31,"BB_162","BB_154","2022-BB-154-G1-031-4",3,1,0,0,0
31,"BB_065","BB_133","2022-BB-133-G1-031-3",4,1,0,0,0
32,"BB_073","BB_064","2022-BB-064-G1-032-3",1,1,0,0,0
32,"BB_167","BB_008","2022-BB-008-G1-032-8",5,1,2,0,0
33,"BB_194","BB_159","2022-BB-159-G1-033-5",4,1,8,5,5
33,"BB_217","BB_205_A","2022-BB-205_A-G1-033-1",1,1,7,5,24
33,"BB_213","BB_147","2022-BB-147-G1-033-1",6,1,1,1,4
34,"BB_014","BB_102","2022-BB-102-G1-034-7",5,1,0,0,0
34,"BB_026","BB_053","2022-BB-053-G1-034-2",3,1,2,2,0
34,"BB_168","BB_046","2022-BB-046-G1-034-1",4,1,0,0,0
35,"BB_174","BB_002","2022-BB-002-G1-035-6",7,1,2,2,0
35,"BB_055","BB_183","2022-BB-183-G1-035-7",0,0,0,0,0
36,"BB_107","BB_151","2022-BB-151-G1-036-2",4,1,0,0,0
36,"BB_213","BB_204","2022-BB-204-G1-036-8",3,1,1,1,0
36,"BB_001","BB_072","2022-BB-072-G1-036-4",1,1,0,0,0
37,"BB_057","BB_121","2022-BB-121-G1-037-7",6,1,3,1,0
37,"BB_213","BB_132","2022-BB-132-G1-037-6",3,1,8,7,21
37,"BB_175","BB_050","2022-BB-050-G1-037-2",1,1,1,1,4
38,"BB_196","BB_089","2022-BB-089-G1-038-4",1,1,3,1,3
38,"BB_122","BB_126","2022-BB-126-G1-038-3",1,1,0,0,0
38,"BB_015","BB_063","2022-BB-063-G1-038-6",0,0,0,0,0
38,"BB_091","BB_139","2022-BB-139-G1-038-7",1,1,1,1,1
39,"BB_055","BB_145","2022-BB-145-G1-039-4",3,1,3,3,8
39,"BB_051","BB_105","2022-BB-105-G1-039-3",3,1,1,0,0
39,"BB_171","BB_039","2022-BB-039-G1-039-5",5,1,0,0,0
41,"BB_115","BB_077","2022-BB-077-G1-041-1",0,0,0,0,0
41,"BB_141","BB_037","2022-BB-037-G1-041-2",3,1,2,0,0
41,"BB_023","BB_190","2022-BB-190-G1-041-2",4,1,3,0,0
42,"BB_015","BB_111","2022-BB-111-G1-042-6",2,1,1,0,0
42,"BB_198","BB_138","2022-BB-138-G1-042-1",3,1,2,2,5
43,"BB_198","BB_035","2022-BB-035-G1-043-2",4,1,0,0,0
43,"BB_217","BB_054","2022-BB-054-G1-043-6",2,1,2,2,0
43,"BB_066","BB_087","2022-BB-087-G1-043-7",2,1,1,1,2
44,"BB_014","BB_152","2022-BB-152-G1-044-2",1,1,2,2,6
44,"BB_122","BB_208","2022-BB-208-G1-044-3",3,1,0,0,0
44,"BB_162","BB_040","2022-BB-040-G1-044-4",3,1,0,0,0
45,"BB_001","BB_043","2022-BB-043-G1-045-3",0,0,0,0,0
45,"BB_001","BB_074","2022-BB-074-G1-045-4",3,1,0,0,0
45,"BB_065","BB_192","2022-BB-192-G1-045-8",1,1,0,0,0
46,"BB_026","BB_153","2022-BB-153-G1-046-1",2,1,4,3,20
46,"BB_125","BB_024","2022-BB-024-G1-046-4",2,1,1,1,4
46,"BB_171","BB_127","2022-BB-127-G1-046-6",1,1,0,0,0
47,"BB_144","BB_030","2022-BB-030-G1-047-2",2,1,0,0,0
47,"BB_176","BB_049","2022-BB-049-G1-047-3",6,1,0,0,0
47,"BB_100","BB_031","2022-BB-031-G1-047-1",5,1,0,0,0
48,"BB_215","BB_148","2022-BB-148-G1-048-3",0,0,0,0,0
48,"BB_171","BB_157","2022-BB-157-G1-048-7",3,1,0,0,0
48,"BB_188","BB_205_B","2022-BB-205_B-G1-048-1",0,0,0,0,0
49,"BB_169","BB_181","2022-BB-181-G1-049-4",0,0,0,0,0
49,"BB_196","BB_088","2022-BB-088-G1-049-7",1,1,4,4,16
49,"BB_055","BB_119","2022-BB-119-G1-049-8",1,1,0,0,0
51,"BB_162","BB_080","2022-BB-080-G1-051-3",4,1,0,0,0
51,"BB_177","BB_140","2022-BB-140-G1-051-5",5,1,0,0,0
51,"BB_144","BB_158","2022-BB-158-G1-051-8",2,1,0,0,0
52,"BB_217","BB_016","2022-BB-016-G1-052-1",5,1,0,0,0
52,"BB_038","BB_216","2022-BB-216-G1-052-6",2,1,0,0,0
52,"BB_125","BB_051","2022-BB-051-G1-052-1",7,1,0,0,0
53,"BB_023","BB_078","2022-BB-078-G1-053-7",6,1,3,3,0
53,"BB_011","BB_056","2022-BB-056-G1-053-4",4,1,0,0,0
53,"BB_051","BB_118","2022-BB-118-G1-053-3",7,1,0,0,0
54,"BB_130","BB_120","2022-BB-120-G1-054-8",5,1,3,3,2
54,"BB_038","BB_042","2022-BB-042-G1-054-7",4,1,0,0,0
55,"BB_142","BB_086","2022-BB-086-G1-055-1",4,1,0,0,0
56,"BB_217","BB_016","2022-BB-016-G1-056-4",4,1,0,0,0
56,"BB_051","BB_118","2022-BB-118-G1-056-5",0,0,0,0,0
56,"BB_215","BB_148","2022-BB-148-G1-056-5",0,0,0,0,0
57,"BB_015","BB_111","2022-BB-111-G1-057-1",2,1,0,0,0
57,"BB_130","BB_120","2022-BB-120-G1-057-3",7,1,1,1,0
57,"BB_073","BB_092","2022-BB-092-G1-057-7",8,1,2,0,0
58,"BB_171","BB_127","2022-BB-127-G1-058-5",6,1,0,0,0
58,"BB_026","BB_153","2022-BB-153-G1-058-3",7,1,1,1,0
58,"BB_175","BB_050","2022-BB-050-G1-058-6",4,1,0,0,0
59,"BB_065","BB_133","2022-BB-133-G1-059-8",6,1,2,2,4
59,"BB_051","BB_143","2022-BB-143-G1-059-2",6,1,0,0,0
59,"BB_011","BB_056","2022-BB-056-G1-059-1",5,1,0,0,0
61,"BB_122","BB_027","2022-BB-027-G1-061-5",0,0,0,0,0
61,"BB_023","BB_078","2022-BB-078-G1-061-8",0,0,0,0,0
61,"BB_213","BB_147","2022-BB-147-G1-061-6",5,1,0,0,0
62,"BB_194","BB_214","2022-BB-214-G1-062-8",2,1,1,1,3
62,"BB_099","BB_061","2022-BB-061-G1-062-1",5,1,1,1,2
62,"BB_197","BB_211","2022-BB-211-G1-062-8",0,0,0,0,0
63,"BB_167","BB_114","2022-BB-114-G1-063-6",4,1,0,0,0
63,"BB_028","BB_083","2022-BB-083-G1-063-6",3,1,0,0,0
63,"BB_188","BB_171","2022-BB-171-G1-063-1",5,1,0,0,0
64,"BB_108","BB_069","2022-BB-069-G1-064-7",0,0,0,0,0
64,"BB_125","BB_051","2022-BB-051-G1-064-3",4,1,2,2,1
64,"BB_115","BB_020","2022-BB-020-G1-064-1",0,0,0,0,0
65,"BB_100","BB_135","2022-BB-135-G1-065-8",0,0,0,0,0
65,"BB_066","BB_052","2022-BB-052-G1-065-4",3,1,0,0,0
65,"BB_142","BB_150","2022-BB-150-G1-065-8",4,1,1,1,2
66,"BB_073","BB_084","2022-BB-084-G1-066-6",0,0,0,0,0
66,"BB_001","BB_043","2022-BB-043-G1-066-5",0,0,0,0,0
66,"BB_141","BB_037","2022-BB-037-G1-066-7",0,0,0,0,0
67,"BB_075","BB_164","2022-BB-164-G1-067-2",1,1,1,1,0
67,"BB_177","BB_134","2022-BB-134-G1-067-3",0,0,0,0,0
67,"BB_213","BB_204","2022-BB-204-G1-067-7",0,0,0,0,0
68,"BB_015","BB_218","2022-BB-218-G1-068-7",0,0,0,0,0
68,"BB_057","BB_121","2022-BB-121-G1-068-7",0,0,0,0,0
69,"BB_168","BB_081","2022-BB-081-G1-069-1",3,1,0,0,0
69,"BB_194","BB_163","2022-BB-163-G1-069-5",0,0,0,0,0
69,"BB_197","BB_199","2022-BB-199-G1-069-8",4,1,2,2,0
71,"BB_057","BB_146","2022-BB-146-G1-071-2",2,1,1,1,1
71,"BB_215","BB_210","2022-BB-210-G1-071-1",1,1,1,1,3
71,"BB_167","BB_008","2022-BB-008-G1-071-8",1,1,0,0,0
72,"BB_055","BB_119","2022-BB-119-G1-072-6",1,1,1,1,0
72,"BB_174","BB_068","2022-BB-068-G1-072-1",5,1,0,0,0
72,"BB_005","BB_195","2022-BB-195-G1-072-7",2,1,0,0,0
73,"BB_198","BB_045","2022-BB-045-G1-073-2",3,1,0,0,0
73,"BB_125","BB_024","2022-BB-024-G1-073-2",2,1,0,0,0
73,"BB_038","BB_216","2022-BB-216-G1-073-4",2,1,0,0,0
74,"BB_073","BB_064","2022-BB-064-G1-074-1",1,1,0,0,0
74,"BB_162","BB_040","2022-BB-040-G1-074-7",0,0,0,0,0
74,"BB_171","BB_157","2022-BB-157-G1-074-5",1,1,1,0,0
75,"BB_168","BB_058","2022-BB-058-G1-075-2",0,0,0,0,0
75,"BB_100","BB_031","2022-BB-031-G1-075-3",1,1,1,0,0
75,"BB_173","BB_095","2022-BB-095-G1-075-6",1,1,0,0,0
76,"BB_075","BB_085","2022-BB-085-G1-076-8",0,0,0,0,0
76,"BB_099","BB_161","2022-BB-161-G1-076-3",2,1,0,0,0
76,"BB_026","BB_053","2022-BB-053-G1-076-7",1,1,1,1,4
77,"BB_175","BB_104","2022-BB-104-G1-077-8",1,1,1,0,0
77,"BB_099","BB_032","2022-BB-032-G1-077-1",3,1,0,0,0
77,"BB_107","BB_151","2022-BB-151-G1-077-6",7,1,1,1,6
78,"BB_028","BB_209","2022-BB-209-G1-078-6",4,1,0,0,0
78,"BB_188","BB_009","2022-BB-009-G1-078-3",3,1,0,0,0
78,"BB_202","BB_018","2022-BB-018-G1-078-6",0,0,0,0,0
79,"BB_169","BB_076","2022-BB-076-G1-079-8",2,1,3,3,5
79,"BB_001","BB_072","2022-BB-072-G1-079-6",1,1,0,0,0
79,"BB_051","BB_105","2022-BB-105-G1-079-1",2,1,0,0,0
80,"BB_144","BB_207","2022-BB-207-G1-080-3",6,1,1,1,5
80,"BB_066","BB_019","2022-BB-019-G1-080-8",8,1,4,4,29
80,"BB_055","BB_145","2022-BB-145-G1-080-3",6,1,0,0,0
81,"BB_100","BB_113","2022-BB-113-G1-081-4",3,1,0,0,0
81,"BB_141","BB_003","2022-BB-003-G1-081-4",0,0,0,0,0
81,"BB_194","BB_159","2022-BB-159-G1-081-5",2,1,0,0,0
82,"BB_047","BB_131","2022-BB-131-G1-082-8",2,1,0,0,0
82,"BB_202","BB_025","2022-BB-025-G1-082-4",7,1,0,0,0
82,"BB_005","BB_166","2022-BB-166-G1-082-1",0,0,0,0,0
82,"BB_038","BB_042","2022-BB-042-G1-082-8",0,0,0,0,0
83,"BB_014","BB_102","2022-BB-102-G1-083-6",3,1,0,0,0
83,"BB_142","BB_093","2022-BB-093-G1-083-6",4,1,0,0,0
83,"BB_171","BB_039","2022-BB-039-G1-083-5",3,1,0,0,0
83,"BB_028","BB_109","2022-BB-109-G1-083-3",2,1,0,0,0
84,"BB_196","BB_186","2022-BB-186-G1-084-8",3,1,0,0,0
84,"BB_115","BB_187","2022-BB-187-G1-084-1",3,1,0,0,0
84,"BB_014","BB_152","2022-BB-152-G1-084-5",0,0,0,0,0
85,"BB_141","BB_029","2022-BB-029-G1-085-4",1,1,1,1,1
85,"BB_047","BB_193","2022-BB-193-G1-085-6",1,1,1,1,0
85,"BB_174","BB_002","2022-BB-002-G1-085-3",4,1,0,0,0
85,"BB_075","BB_079","2022-BB-079-G1-085-3",3,1,2,2,2
86,"BB_108","BB_189","2022-BB-189-G1-086-7",6,1,6,5,9
86,"BB_107","BB_179","2022-BB-179-G1-086-2",6,1,2,1,3
86,"BB_182","BB_103","2022-BB-103-G1-086-1",4,1,2,2,8
86,"BB_115","BB_077","2022-BB-077-G1-086-7",4,1,0,0,0
87,"BB_125","BB_137","2022-BB-137-G1-087-2",2,1,0,0,0
87,"BB_023","BB_206","2022-BB-206-G1-087-2",3,1,2,1,2
87,"BB_066","BB_087","2022-BB-087-G1-087-5",4,1,0,0,0
87,"BB_122","BB_126","2022-BB-126-G1-087-8",5,1,3,3,4
88,"BB_176","BB_017","2022-BB-017-G1-088-2",3,1,1,1,2
88,"BB_038","BB_149","2022-BB-149-G1-088-8",1,1,1,1,0
88,"BB_011","BB_116","2022-BB-116-G1-088-1",1,1,0,0,0
88,"BB_177","BB_140","2022-BB-140-G1-088-1",0,0,0,0,0
89,"BB_162","BB_154","2022-BB-154-G1-089-8",0,0,0,0,0
89,"BB_091","BB_139","2022-BB-139-G1-089-5",0,0,0,0,0
89,"BB_014","BB_185","2022-BB-185-G1-089-3",0,0,0,0,0
89,"BB_122","BB_208","2022-BB-208-G1-089-2",0,0,0,0,0
91,"BB_144","BB_158","2022-BB-158-G1-091-5",0,0,0,0,0
91,"BB_176","BB_049","2022-BB-049-G1-091-2",0,0,0,0,0
91,"BB_026","BB_070","2022-BB-070-G1-091-2",0,0,0,0,0
91,"BB_130","BB_007","2022-BB-007-G1-091-2",1,1,0,0,0
92,"BB_169","BB_160","2022-BB-160-G1-092-8",2,1,2,2,8
92,"BB_174","BB_010","2022-BB-010-G1-092-8",2,1,0,0,0
92,"BB_177","BB_117","2022-BB-117-G1-092-8",0,0,0,0,0
92,"BB_162","BB_080","2022-BB-080-G1-092-8",2,1,0,0,0
93,"BB_215","BB_004","2022-BB-004-G1-093-7",0,0,0,0,0
93,"BB_175","BB_172","2022-BB-172-G1-093-2",0,0,0,0,0
93,"BB_198","BB_138","2022-BB-138-G1-093-2",2,1,0,0,0
93,"BB_213","BB_132","2022-BB-132-G1-093-5",0,0,0,0,0
94,"BB_091","BB_094","2022-BB-094-G1-094-3",3,1,0,0,0
94,"BB_065","BB_013","2022-BB-013-G1-094-4",1,1,0,0,0
94,"BB_202","BB_101","2022-BB-101-G1-094-3",1,1,0,0,0
95,"BB_182","BB_201","2022-BB-201-G1-095-1",0,0,0,0,0
95,"BB_196","BB_088","2022-BB-088-G1-095-5",0,0,0,0,0
95,"BB_015","BB_063","2022-BB-063-G1-095-7",0,0,0,0,0
96,"BB_188","BB_205_B","2022-BB-205_B-G1-096-2",0,0,0,0,0
96,"BB_057","BB_200","2022-BB-200-G1-096-1",1,1,0,0,0
96,"BB_091","BB_098","2022-BB-098-G1-096-4",0,0,0,0,0
96,"BB_173","BB_044","2022-BB-044-G1-096-3",5,1,0,0,0
97,"BB_197","BB_060","2022-BB-060-G1-097-5",2,1,0,0,0
97,"BB_023","BB_190","2022-BB-190-G1-097-5",0,0,0,0,0
97,"BB_047","BB_071","2022-BB-071-G1-097-1",1,1,0,0,0
98,"BB_167","BB_110","2022-BB-110-G1-098-5",1,1,0,0,0
98,"BB_142","BB_086","2022-BB-086-G1-098-3",4,1,0,0,0
99,"BB_217","BB_205_A","2022-BB-205_A-G1-099-6",1,1,0,0,0
99,"BB_176","BB_059","2022-BB-059-G1-099-2",2,1,3,1,1
99,"BB_198","BB_035","2022-BB-035-G1-099-5",0,0,0,0,0
99,"BB_065","BB_192","2022-BB-192-G1-099-4",3,1,1,0,0
101,"BB_108","BB_097","2022-BB-097-G1-101-1",0,0,0,0,0
101,"BB_001","BB_074","2022-BB-074-G1-101-3",0,0,0,0,0
101,"BB_182","BB_021","2022-BB-021-G1-101-3",2,1,1,1,7
102,"BB_196","BB_089","2022-BB-089-G1-102-5",0,0,0,0,0
102,"BB_055","BB_183","2022-BB-183-G1-102-4",1,1,0,0,0
102,"BB_005","BB_034","2022-BB-034-G1-102-3",0,0,0,0,0
103,"BB_217","BB_054","2022-BB-054-G1-103-7",2,1,0,0,0
103,"BB_011","BB_215","2022-BB-215-G1-103-2",4,1,1,1,0
103,"BB_144","BB_030","2022-BB-030-G1-103-6",1,1,1,1,0
103,"BB_169","BB_181","2022-BB-181-G1-103-2",2,1,0,0,0
104,"BB_130","BB_048","2022-BB-048-G1-104-4",1,1,1,1,3
104,"BB_168","BB_046","2022-BB-046-G1-104-4",3,1,0,0,0
104,"BB_173","BB_170","2022-BB-170-G1-104-1",4,1,0,0,0
105,"BB_107","BB_123","2022-BB-123-G1-105-7",4,1,1,1,4
106,"BB_047","BB_071","2022-BB-071-G1-106-2",3,1,0,0,0
106,"BB_182","BB_103","2022-BB-103-G1-106-5",6,1,1,1,2
106,"BB_001","BB_072","2022-BB-072-G1-106-5",3,1,1,1,3
107,"BB_194","BB_159","2022-BB-159-G1-107-5",0,0,0,0,0
107,"BB_169","BB_181","2022-BB-181-G1-107-4",0,0,0,0,0
107,"BB_115","BB_020","2022-BB-020-G1-107-3",7,1,0,0,0
108,"BB_011","BB_215","2022-BB-215-G1-108-2",0,0,0,0,0
108,"BB_213","BB_204","2022-BB-204-G1-108-7",4,1,1,0,0
108,"BB_196","BB_186","2022-BB-186-G1-108-8",1,1,0,0,0
109,"BB_125","BB_024","2022-BB-024-G1-109-8",1,1,0,0,0
109,"BB_066","BB_087","2022-BB-087-G1-109-3",3,1,0,0,0
109,"BB_108","BB_097","2022-BB-097-G1-109-2",0,0,0,0,0
111,"BB_171","BB_127","2022-BB-127-G1-111-7",3,1,2,1,1
111,"BB_122","BB_027","2022-BB-027-G1-111-2",5,1,0,0,0
111,"BB_108","BB_069","2022-BB-069-G1-111-1",2,1,0,0,0
112,"BB_107","BB_151","2022-BB-151-G1-112-1",3,1,0,0,0
112,"BB_099","BB_161","2022-BB-161-G1-112-8",6,1,0,0,0
112,"BB_174","BB_068","2022-BB-068-G1-112-5",0,0,0,0,0
112,"BB_015","BB_218","2022-BB-218-G1-112-8",1,1,0,0,0
113,"BB_182","BB_201","2022-BB-201-G1-113-6",1,1,0,0,0
113,"BB_144","BB_030","2022-BB-030-G1-113-4",2,1,0,0,0
113,"BB_051","BB_118","2022-BB-118-G1-113-6",2,1,0,0,0
114,"BB_099","BB_032","2022-BB-032-G1-114-7",4,1,0,0,0
114,"BB_198","BB_035","2022-BB-035-G1-114-4",6,1,0,0,0
114,"BB_122","BB_126","2022-BB-126-G1-114-3",0,0,0,0,0
115,"BB_194","BB_214","2022-BB-214-G1-115-7",4,1,0,0,0
115,"BB_115","BB_077","2022-BB-077-G1-115-7",3,1,2,2,4
115,"BB_202","BB_101","2022-BB-101-G1-115-4",0,0,0,0,0
116,"BB_023","BB_078","2022-BB-078-G1-116-7",2,1,1,1,0
116,"BB_038","BB_149","2022-BB-149-G1-116-5",1,1,0,0,0
116,"BB_073","BB_064","2022-BB-064-G1-116-8",0,0,0,0,0
117,"BB_023","BB_190","2022-BB-190-G1-117-3",5,1,3,2,2
117,"BB_073","BB_092","2022-BB-092-G1-117-8",7,1,4,3,3
117,"BB_091","BB_098","2022-BB-098-G1-117-1",6,1,1,0,0
118,"BB_174","BB_002","2022-BB-002-G1-118-4",5,1,0,0,0
118,"BB_005","BB_034","2022-BB-034-G1-118-8",2,1,0,0,0
118,"BB_144","BB_207","2022-BB-207-G1-118-5",2,1,0,0,0
119,"BB_051","BB_143","2022-BB-143-G1-119-1",1,1,0,0,0
119,"BB_142","BB_086","2022-BB-086-G1-119-5",1,1,0,0,0
119,"BB_108","BB_189","2022-BB-189-G1-119-4",2,1,0,0,0
121,"BB_177","BB_134","2022-BB-134-G1-121-8",5,1,1,1,7
121,"BB_028","BB_109","2022-BB-109-G1-121-7",7,1,2,2,1
121,"BB_107","BB_123","2022-BB-123-G1-121-2",7,1,2,1,8
121,"BB_196","BB_088","2022-BB-088-G1-121-1",7,1,5,3,7
122,"BB_014","BB_152","2022-BB-152-G1-122-2",4,1,0,0,0
122,"BB_130","BB_120","2022-BB-120-G1-122-1",6,1,1,1,1
122,"BB_182","BB_021","2022-BB-021-G1-122-5",7,1,1,0,0
123,"BB_202","BB_018","2022-BB-018-G1-123-5",5,1,1,1,4
123,"BB_174","BB_010","2022-BB-010-G1-123-3",3,1,0,0,0
123,"BB_141","BB_003","2022-BB-003-G1-123-6",4,1,0,0,0
124,"BB_047","BB_193","2022-BB-193-G1-124-8",4,1,2,0,0
124,"BB_038","BB_042","2022-BB-042-G1-124-4",8,1,0,0,0
124,"BB_005","BB_195","2022-BB-195-G1-124-4",8,1,0,0,0
124,"BB_001","BB_074","2022-BB-074-G1-124-6",7,1,0,0,0
125,"BB_176","BB_049","2022-BB-049-G1-125-2",5,1,1,1,3
125,"BB_047","BB_131","2022-BB-131-G1-125-7",3,1,0,0,0
125,"BB_173","BB_044","2022-BB-044-G1-125-2",5,1,0,0,0
126,"BB_177","BB_117","2022-BB-117-G1-126-1",4,1,0,0,0
126,"BB_188","BB_205_B","2022-BB-205_B-G1-126-1",0,0,0,0,0
126,"BB_175","BB_172","2022-BB-172-G1-126-3",6,1,1,1,4
126,"BB_065","BB_013","2022-BB-013-G1-126-6",3,1,1,1,0
127,"BB_023","BB_206","2022-BB-206-G1-127-5",3,1,0,0,0
127,"BB_162","BB_080","2022-BB-080-G1-127-8",7,1,4,2,0
127,"BB_197","BB_060","2022-BB-060-G1-127-8",5,1,1,1,2
128,"BB_026","BB_153","2022-BB-153-G1-128-1",7,1,1,1,7
128,"BB_217","BB_016","2022-BB-016-G1-128-7",3,1,0,0,0
128,"BB_055","BB_183","2022-BB-183-G1-128-2",7,1,0,0,0
129,"BB_168","BB_058","2022-BB-058-G1-129-1",5,1,1,1,1
129,"BB_196","BB_089","2022-BB-089-G1-129-8",5,1,4,4,24
129,"BB_125","BB_137","2022-BB-137-G1-129-2",4,1,0,0,0
131,"BB_197","BB_199","2022-BB-199-G1-131-5",7,1,0,0,0
131,"BB_066","BB_019","2022-BB-019-G1-131-4",5,1,0,0,0
131,"BB_173","BB_170","2022-BB-170-G1-131-7",8,1,0,0,0
131,"BB_073","BB_084","2022-BB-084-G1-131-7",3,1,0,0,0
132,"BB_075","BB_079","2022-BB-079-G1-132-6",1,1,0,0,0
132,"BB_057","BB_121","2022-BB-121-G1-132-6",3,1,0,0,0
132,"BB_015","BB_063","2022-BB-063-G1-132-2",5,1,0,0,0
133,"BB_100","BB_135","2022-BB-135-G1-133-8",7,1,1,1,6
133,"BB_026","BB_053","2022-BB-053-G1-133-4",7,1,0,0,0
133,"BB_065","BB_133","2022-BB-133-G1-133-3",6,1,2,1,10
134,"BB_057","BB_146","2022-BB-146-G1-134-1",5,1,0,0,0
134,"BB_213","BB_132","2022-BB-132-G1-134-8",8,1,0,0,0
134,"BB_075","BB_085","2022-BB-085-G1-134-4",6,1,0,0,0
135,"BB_122","BB_208","2022-BB-208-G1-135-2",0,0,0,0,0
135,"BB_198","BB_045","2022-BB-045-G1-135-6",1,1,1,1,0
135,"BB_066","BB_052","2022-BB-052-G1-135-3",6,1,0,0,0
136,"BB_215","BB_210","2022-BB-210-G1-136-7",2,1,1,1,4
136,"BB_130","BB_048","2022-BB-048-G1-136-2",1,1,1,1,0
136,"BB_099","BB_061","2022-BB-061-G1-136-8",3,1,0,0,0
137,"BB_100","BB_031","2022-BB-031-G1-137-1",4,1,1,1,0
137,"BB_177","BB_140","2022-BB-140-G1-137-7",4,1,0,0,0
137,"BB_142","BB_150","2022-BB-150-G1-137-7",5,1,1,1,0
138,"BB_014","BB_185","2022-BB-185-G1-138-4",0,0,0,0,0
138,"BB_169","BB_076","2022-BB-076-G1-138-5",2,1,2,2,3
138,"BB_169","BB_160","2022-BB-160-G1-138-4",7,1,0,0,0
139,"BB_168","BB_046","2022-BB-046-G1-139-2",3,1,2,2,4
139,"BB_057","BB_200","2022-BB-200-G1-139-7",4,1,2,2,6
139,"BB_100","BB_113","2022-BB-113-G1-139-6",0,0,0,0,0
141,"BB_075","BB_164","2022-BB-164-G1-141-1",8,1,2,1,0
141,"BB_141","BB_037","2022-BB-037-G1-141-8",5,1,2,2,0
141,"BB_065","BB_192","2022-BB-192-G1-141-1",2,1,2,2,2
141,"BB_194","BB_163","2022-BB-163-G1-141-5",5,1,3,2,1
142,"BB_175","BB_104","2022-BB-104-G1-142-1",6,1,5,5,14
142,"BB_162","BB_154","2022-BB-154-G1-142-5",5,1,3,1,2
142,"BB_217","BB_054","2022-BB-054-G1-142-4",5,1,8,7,10
143,"BB_167","BB_110","2022-BB-110-G1-143-6",4,1,0,0,0
143,"BB_091","BB_094","2022-BB-094-G1-143-4",2,1,0,0,0
143,"BB_176","BB_017","2022-BB-017-G1-143-2",6,1,0,0,0
144,"BB_168","BB_081","2022-BB-081-G1-144-2",6,1,0,0,0
144,"BB_051","BB_105","2022-BB-105-G1-144-8",6,1,2,2,7
144,"BB_055","BB_119","2022-BB-119-G1-144-3",4,1,0,0,0
144,"BB_026","BB_070","2022-BB-070-G1-144-7",7,1,3,2,6
145,"BB_175","BB_050","2022-BB-050-G1-145-4",0,0,0,0,0
145,"BB_028","BB_209","2022-BB-209-G1-145-8",1,1,0,0,0
145,"BB_038","BB_216","2022-BB-216-G1-145-6",7,1,0,0,0
145,"BB_028","BB_083","2022-BB-083-G1-145-4",2,1,2,0,0
146,"BB_171","BB_039","2022-BB-039-G1-146-6",5,1,1,1,6
146,"BB_011","BB_116","2022-BB-116-G1-146-4",7,1,0,0,0
146,"BB_014","BB_102","2022-BB-102-G1-146-7",5,1,0,0,0
146,"BB_144","BB_158","2022-BB-158-G1-146-8",2,1,0,0,0
147,"BB_115","BB_187","2022-BB-187-G1-147-7",1,1,0,0,0
147,"BB_202","BB_025","2022-BB-025-G1-147-4",2,1,0,0,0
147,"BB_015","BB_111","2022-BB-111-G1-147-5",2,1,2,2,7
148,"BB_162","BB_040","2022-BB-040-G1-148-8",0,0,0,0,0
148,"BB_188","BB_171","2022-BB-171-G1-148-6",2,1,0,0,0
148,"BB_141","BB_029","2022-BB-029-G1-148-8",3,1,2,1,2
149,"BB_091","BB_139","2022-BB-139-G1-149-7",6,1,0,0,0
149,"BB_142","BB_093","2022-BB-093-G1-149-1",0,0,0,0,0
149,"BB_198","BB_138","2022-BB-138-G1-149-5",7,1,5,5,16
149,"BB_011","BB_056","2022-BB-056-G1-149-8",5,1,2,2,5
151,"BB_125","BB_051","2022-BB-051-G1-151-3",2,1,1,1,0
151,"BB_167","BB_008","2022-BB-008-G1-151-7",5,1,1,1,0
151,"BB_215","BB_004","2022-BB-004-G1-151-2",0,0,0,0,0
151,"BB_197","BB_211","2022-BB-211-G1-151-2",5,1,0,0,0
152,"BB_167","BB_114","2022-BB-114-G1-152-8",4,1,0,0,0
152,"BB_130","BB_007","2022-BB-007-G1-152-1",3,1,0,0,0
152,"BB_001","BB_043","2022-BB-043-G1-152-5",4,1,1,0,0
153,"BB_215","BB_148","2022-BB-148-G1-153-8",6,1,1,1,0
153,"BB_055","BB_145","2022-BB-145-G1-153-1",7,1,5,3,9
153,"BB_107","BB_179","2022-BB-179-G1-153-7",7,1,1,1,0
154,"BB_005","BB_166","2022-BB-166-G1-154-8",3,1,2,2,8
154,"BB_217","BB_205_A","2022-BB-205_A-G1-154-5",6,1,0,0,0
154,"BB_173","BB_095","2022-BB-095-G1-154-2",6,1,0,0,0
155,"BB_176","BB_059","2022-BB-059-G1-155-6",4,1,0,0,0
155,"BB_171","BB_157","2022-BB-157-G1-155-7",3,1,2,2,11
155,"BB_213","BB_147","2022-BB-147-G1-155-2",8,1,1,0,0
156,"BB_188","BB_009","2022-BB-009-G1-156-7",6,1,7,4,13
30,"BB_014","BB_185","2022-BB-185-G1-030-8",3,1,0,0,0
30,"BB_099","BB_032","2022-BB-032-G1-030-5",4,1,0,0,0
30,"BB_176","BB_017","2022-BB-017-G1-030-2",1,1,0,0,0
40,"BB_115","BB_077","2022-BB-077-G1-040-4",1,1,0,0,0
40,"BB_115","BB_187","2022-BB-187-G1-040-6",4,1,0,0,0
40,"BB_051","BB_118","2022-BB-118-G1-040-5",3,1,0,0,0
50,"BB_099","BB_161","2022-BB-161-G1-050-2",0,0,0,0,0
50,"BB_176","BB_049","2022-BB-049-G1-050-2",6,1,0,0,0
50,"BB_051","BB_143","2022-BB-143-G1-050-7",4,1,0,0,0
60,"BB_075","BB_085","2022-BB-085-G1-060-3",1,1,0,0,0
60,"BB_014","BB_152","2022-BB-152-G1-060-3",2,1,0,0,0
60,"BB_125","BB_051","2022-BB-051-G1-060-3",1,1,0,0,0
70,"BB_115","BB_020","2022-BB-020-G1-070-7",2,1,0,0,0
70,"BB_099","BB_061","2022-BB-061-G1-070-7",1,1,0,0,0
70,"BB_051","BB_105","2022-BB-105-G1-070-3",0,0,0,0,0
80.5,"BB_014","BB_102","2022-BB-102-G1-80.5-7",4,1,0,0,0
80.5,"BB_125","BB_137","2022-BB-137-G1-80.5-2",2,1,0,0,0
80.5,"BB_176","BB_059","2022-BB-059-G1-80.5-2",1,1,2,2,3
90,"BB_075","BB_079","2022-BB-079-G1-090-8",1,1,0,0,0
90,"BB_075","BB_164","2022-BB-164-G1-090-8",2,1,0,0,0
90,"BB_125","BB_024","2022-BB-024-G1-090-1",1,1,0,0,0
100,"BB_075","BB_085","2022-BB-085-G1-100-7",3,1,0,0,0
100,"BB_099","BB_032","2022-BB-032-G1-100-3",0,0,0,0,0
100,"BB_099","BB_161","2022-BB-161-G1-100-6",0,0,0,0,0
110,"BB_115","BB_077","2022-BB-077-G1-110-5",3,1,0,0,0
110,"BB_115","BB_187","2022-BB-187-G1-110-2",2,1,0,0,0
110,"BB_099","BB_061","2022-BB-061-G1-110-1",2,1,0,0,0
120,"BB_125","BB_024","2022-BB-024-G1-120-5",7,1,42,22,119
120,"BB_125","BB_137","2022-BB-137-G1-120-6",3,1,1,1,1
120,"BB_176","BB_017","2022-BB-017-G1-120-5",7,1,0,0,0
130,"BB_014","BB_185","2022-BB-185-G1-130-7",6,1,5,4,4
130,"BB_051","BB_105","2022-BB-105-G1-130-5",3,1,1,1,1
130,"BB_051","BB_118","2022-BB-118-G1-130-3",7,1,0,0,0
140,"BB_075","BB_164","2022-BB-164-G1-140-6",0,0,0,0,0
140,"BB_176","BB_049","2022-BB-049-G1-140-5",3,1,0,0,0
140,"BB_051","BB_143","2022-BB-143-G1-140-2",1,1,0,0,0
150,"BB_075","BB_079","2022-BB-079-G1-150-6",4,1,2,2,4
150,"BB_125","BB_051","2022-BB-051-G1-150-5",3,1,0,0,0
150,"BB_176","BB_059","2022-BB-059-G1-150-2",4,1,0,0,0
160,"BB_014","BB_102","2022-BB-102-G1-160-5",5,1,0,0,0
160,"BB_014","BB_152","2022-BB-152-G1-160-8",7,1,0,0,0
160,"BB_115","BB_020","2022-BB-020-G1-160-3",8,1,1,1,0
