"Transect","Donor","Recipient","sample_ID","surv_to_flower","F_plant","total_fruits","closed_fruits","filled_seeds"
1,"HR_008","HR_058","2022-HR-058-G1-001-2",8,1,29,28,11
1,"HR_196","HR_183","2022-HR-183-G1-001-2",7,1,16,16,11
1,"HR_085","HR_176","2022-HR-176-G1-001-7",8,1,11,8,5
1,"HR_006","HR_146","2022-HR-146-G1-001-8",8,1,0,0,0
1,"HR_108","HR_177","2022-HR-177-G1-001-3",7,1,14,14,37
1,"HR_074","HR_115","2022-HR-115-G1-001-6",7,1,13,12,24
1,"HR_180","HR_036","2022-HR-036-G1-001-4",6,1,9,8,8
1,"HR_160","HR_033","2022-HR-033-G1-001-5",6,1,24,18,21
1,"HR_070","HR_061","2022-HR-061-G1-001-2",7,1,25,19,22
1,"HR_133","HR_158","2022-HR-158-G1-001-4",8,1,33,27,69
1,"HR_108","HR_175","2022-HR-175-G1-001-6",8,1,13,9,14
1,"HR_164","HR_005","2022-HR-005-G1-001-4",7,1,29,25,42
1,"HR_171","HR_057","2022-HR-057-G1-001-4",7,1,5,2,2
1,"HR_196","HR_170","2022-HR-170-G1-001-5",5,1,27,25,53
1,"HR_148","HR_114","2022-HR-114-G1-001-7",8,1,8,8,5
1,"HR_069","HR_108","2022-HR-108-G1-001-1",4,1,13,13,21
1,"HR_175","HR_196","2022-HR-196-G1-001-5",4,1,28,28,62
1,"HR_131","HR_046","2022-HR-046-G1-001-6",4,1,17,16,6
1,"HR_095","HR_020","2022-HR-020-G1-001-8",5,1,4,4,7
1,"HR_108","HR_016","2022-HR-016-G1-001-4",3,1,7,7,0
1,"HR_200","HR_010","2022-HR-010-G1-001-5",1,1,9,6,1
1,"HR_164","HR_041","2022-HR-041-G1-001-3",1,1,2,2,8
1,"HR_168","HR_148","2022-HR-148-G1-001-5",2,1,6,5,2
1,"HR_121","HR_105","2022-HR-105-G1-001-7",1,1,4,3,13
1,"HR_062","HR_134","2022-HR-134-G1-001-4",1,1,7,7,2
1,"HR_135","HR_083","2022-HR-083-G1-001-4",0,0,0,0,0
1,"HR_156","HR_025","2022-HR-025-G1-001-2",0,0,0,0,0
1,"HR_005","HR_040","2022-HR-040-G1-001-5",5,1,6,5,2
1,"HR_149","HR_007","2022-HR-007-G1-001-6",6,1,9,7,8
1,"HR_131","HR_113","2022-HR-113-G1-001-5",2,1,27,27,6
1,"HR_157","HR_095","2022-HR-095-G1-001-8",7,1,8,8,6
1,"HR_131","HR_049","2022-HR-049-G1-001-3",8,1,11,11,4
1,"HR_062","HR_136","2022-HR-136-G1-001-3",8,1,13,13,3
1,"HR_110","HR_032","2022-HR-032-G1-001-4",7,1,11,9,6
1,"HR_057","HR_110","2022-HR-110-G1-001-6",8,1,9,7,8
1,"HR_059","HR_011","2022-HR-011-G1-001-8",7,1,11,11,16
1,"HR_095","HR_178","2022-HR-178-G1-001-6",8,1,17,10,10
1,"HR_155","HR_047","2022-HR-047-G1-001-2",8,1,9,9,8
1,"HR_070","HR_123","2022-HR-123-G1-001-5",6,1,10,8,4
1,"HR_053","HR_092","2022-HR-092-G1-001-1",4,1,9,9,1
1,"HR_110","HR_039","2022-HR-039-G1-001-1",8,1,5,5,7
1,"HR_160","HR_173","2022-HR-173-G1-001-5",7,1,1,1,0
1,"HR_189","HR_018","2022-HR-018-G1-001-8",8,1,0,0,0
1,"HR_115","HR_026","2022-HR-026-G1-001-4",8,1,3,3,1
1,"HR_110","HR_037","2022-HR-037-G1-001-5",8,1,8,8,11
1,"HR_006","HR_162","2022-HR-162-G1-001-2",6,1,10,10,0
2,"HR_100","HR_195","2022-HR-195-G1-002-3",8,1,8,7,11
2,"HR_088","HR_014","2022-HR-014-G1-002-6",6,1,0,0,0
2,"HR_148","HR_050","2022-HR-050-G1-002-1",8,1,12,11,14
2,"HR_175","HR_027","2022-HR-027-G1-002-8",7,1,0,0,0
2,"HR_157","HR_085","2022-HR-085-G1-002-4",8,1,35,30,42
2,"HR_141","HR_015","2022-HR-015-G1-002-6",7,1,12,5,5
2,"HR_034","HR_112","2022-HR-112-G1-002-3",6,1,35,31,67
2,"HR_005","HR_149","2022-HR-149-G1-002-1",8,1,29,29,5
2,"HR_027","HR_119","2022-HR-119-G1-002-5",7,1,15,14,29
2,"HR_085","HR_107","2022-HR-107-G1-002-6",7,1,18,18,14
2,"HR_133","HR_072","2022-HR-072-G1-002-7",8,1,19,19,20
2,"HR_133","HR_161","2022-HR-161-G1-002-8",8,1,23,21,63
2,"HR_085","HR_035","2022-HR-035-G1-002-6",7,1,6,6,4
2,"HR_090","HR_126","2022-HR-126-G1-002-7",3,1,21,21,36
2,"HR_053","HR_169","2022-HR-169-G1-002-5",7,1,49,44,70
2,"HR_125","HR_034","2022-HR-034-G1-002-5",7,1,28,22,36
2,"HR_164","HR_201","2022-HR-201-G1-002-6",7,1,16,13,21
2,"HR_034","HR_080","2022-HR-080-G1-002-1",4,1,11,11,11
2,"HR_155","HR_121","2022-HR-121-G1-002-1",4,1,8,8,7
2,"HR_168","HR_101","2022-HR-101-G1-002-3",4,1,9,7,13
2,"HR_053","HR_038","2022-HR-038-G1-002-8",5,1,17,12,8
2,"HR_005","HR_180","2022-HR-180-G1-002-6",3,1,5,5,8
2,"HR_139","HR_129","2022-HR-129-G1-002-1",4,1,5,5,4
2,"HR_157","HR_088","2022-HR-088-G1-002-8",4,1,2,1,2
2,"HR_006","HR_142","2022-HR-142-G1-002-4",4,1,3,3,0
2,"HR_200","HR_153","2022-HR-153-G1-002-4",6,1,2,2,2
2,"HR_125","HR_086","2022-HR-086-G1-002-1",7,1,4,2,2
2,"HR_171","HR_073","2022-HR-073-G1-002-3",7,1,3,3,0
2,"HR_057","HR_006","2022-HR-006-G1-002-6",6,1,8,7,7
2,"HR_139","HR_062","2022-HR-062-G1-002-5",7,1,5,3,0
2,"HR_196","HR_054","2022-HR-054-G1-002-1",8,1,12,12,6
2,"HR_180","HR_023","2022-HR-023-G1-002-2",7,1,3,3,7
2,"HR_195","HR_104","2022-HR-104-G1-002-4",8,1,7,7,7
2,"HR_027","HR_145","2022-HR-145-G1-002-3",6,1,1,1,0
2,"HR_008","HR_012","2022-HR-012-G1-002-7",8,1,7,7,6
2,"HR_070","HR_165","2022-HR-165-G1-002-8",8,1,12,12,11
2,"HR_168","HR_064","2022-HR-064-G1-002-8",8,1,7,7,21
2,"HR_066","HR_137","2022-HR-137-G1-002-8",4,1,39,33,72
2,"HR_027","HR_043","2022-HR-043-G1-002-4",7,1,3,3,7
2,"HR_189","HR_051","2022-HR-051-G1-002-3",8,1,5,5,0
2,"HR_069","HR_133","2022-HR-133-G1-002-6",7,1,6,6,11
2,"HR_066","HR_078","2022-HR-078-G1-002-2",8,1,5,5,3
2,"HR_175","HR_164","2022-HR-164-G1-002-3",8,1,3,3,2
2,"HR_148","HR_109","2022-HR-109-G1-002-8",7,1,9,9,9
2,"HR_002","HR_071","2022-HR-071-G1-002-7",8,1,11,9,4
2,"HR_002","HR_059","2022-HR-059-G1-002-5",8,1,6,6,3
3,"HR_074","HR_070","2022-HR-070-G1-003-7",3,1,0,0,0
3,"HR_155","HR_009","2022-HR-009-G1-003-8",6,1,12,11,22
3,"HR_115","HR_131","2022-HR-131-G1-003-6",3,1,20,16,13
3,"HR_066","HR_087","2022-HR-087-G1-003-7",8,1,0,0,0
3,"HR_147","HR_118","2022-HR-118-G1-003-8",8,1,37,25,21
3,"HR_088","HR_182","2022-HR-182-G1-003-3",6,1,14,9,1
3,"HR_034","HR_017","2022-HR-017-G1-003-8",7,1,17,13,4
3,"HR_064","HR_028","2022-HR-028-G1-003-1",6,1,31,30,18
3,"HR_135","HR_004","2022-HR-004-G1-003-3",3,1,2,0,0
3,"HR_090","HR_103","2022-HR-103-G1-003-2",7,1,21,15,19
3,"HR_147","HR_021","2022-HR-021-G1-003-4",6,1,22,12,13
3,"HR_149","HR_174","2022-HR-174-G1-003-7",3,1,5,4,4
3,"HR_156","HR_193","2022-HR-193-G1-003-6",5,1,25,23,23
3,"HR_135","HR_152","2022-HR-152-G1-003-1",6,1,9,8,7
3,"HR_147","HR_150","2022-HR-150-G1-003-2",8,1,15,13,7
3,"HR_062","HR_116","2022-HR-116-G1-003-5",5,1,39,25,12
3,"HR_064","HR_190","2022-HR-190-G1-003-4",8,1,16,16,18
3,"HR_064","HR_019","2022-HR-019-G1-003-5",6,1,40,31,44
3,"HR_180","HR_179","2022-HR-179-G1-003-7",7,1,23,21,20
3,"HR_189","HR_168","2022-HR-168-G1-003-4",5,1,14,12,10
3,"HR_069","HR_156","2022-HR-156-G1-003-5",6,1,43,41,23
3,"HR_088","HR_067","2022-HR-067-G1-003-5",6,1,11,11,1
3,"HR_074","HR_066","2022-HR-066-G1-003-7",7,1,8,4,6
3,"HR_200","HR_159","2022-HR-159-G1-003-3",6,1,28,18,11
3,"HR_100","HR_135","2022-HR-135-G1-003-4",6,1,22,22,5
3,"HR_121","HR_141","2022-HR-141-G1-003-5",8,1,31,28,110
3,"HR_195","HR_181","2022-HR-181-G1-003-5",7,1,9,9,8
3,"HR_059","HR_155","2022-HR-155-G1-003-7",8,1,23,20,34
3,"HR_171","HR_001","2022-HR-001-G1-003-7",7,1,9,9,14
3,"HR_115","HR_111","2022-HR-111-G1-003-3",7,1,7,6,4
3,"HR_195","HR_068","2022-HR-068-G1-003-2",8,1,5,5,4
3,"HR_002","HR_056","2022-HR-056-G1-003-7",7,1,18,16,36
3,"HR_095","HR_124","2022-HR-124-G1-003-6",7,1,11,11,21
3,"HR_057","HR_147","2022-HR-147-G1-003-7",6,1,16,14,10
3,"HR_156","HR_197","2022-HR-197-G1-003-3",7,1,9,9,15
3,"HR_149","HR_065","2022-HR-065-G1-003-6",8,1,37,37,51
3,"HR_141","HR_044","2022-HR-044-G1-003-8",8,1,19,19,34
3,"HR_139","HR_127","2022-HR-127-G1-003-7",8,1,16,15,36
3,"HR_100","HR_192","2022-HR-192-G1-003-1",8,1,0,0,0
3,"HR_160","HR_079","2022-HR-079-G1-003-4",8,1,11,11,9
3,"HR_090","HR_053","2022-HR-053-G1-003-3",8,1,4,4,0
3,"HR_141","HR_184","2022-HR-184-G1-003-6",7,1,10,7,5
3,"HR_121","HR_139","2022-HR-139-G1-003-2",8,1,13,12,15
3,"HR_059","HR_166","2022-HR-166-G1-003-4",8,1,4,4,6
3,"HR_008","HR_042","2022-HR-042-G1-003-7",7,1,4,4,0
4,"HR_085","HR_107","2022-HR-107-G1-004-7",6,1,23,18,20
4,"HR_062","HR_136","2022-HR-136-G1-004-3",8,1,0,0,0
4,"HR_002","HR_071","2022-HR-071-G1-004-5",8,1,18,17,11
4,"HR_180","HR_036","2022-HR-036-G1-004-8",8,1,23,22,24
4,"HR_069","HR_108","2022-HR-108-G1-004-2",8,1,7,7,1
4,"HR_135","HR_004","2022-HR-004-G1-004-3",8,1,2,2,0
4,"HR_149","HR_007","2022-HR-007-G1-004-7",8,1,8,8,11
4,"HR_053","HR_169","2022-HR-169-G1-004-5",7,1,8,8,7
4,"HR_108","HR_175","2022-HR-175-G1-004-6",5,1,11,11,9
4,"HR_168","HR_064","2022-HR-064-G1-004-4",8,1,2,2,1
4,"HR_157","HR_085","2022-HR-085-G1-004-5",6,1,2,2,1
4,"HR_175","HR_164","2022-HR-164-G1-004-1",6,1,4,4,6
4,"HR_006","HR_146","2022-HR-146-G1-004-7",5,1,10,10,14
4,"HR_189","HR_168","2022-HR-168-G1-004-4",7,1,4,4,4
4,"HR_057","HR_147","2022-HR-147-G1-004-5",5,1,2,2,12
4,"HR_059","HR_166","2022-HR-166-G1-004-6",7,1,2,2,6
4,"HR_074","HR_070","2022-HR-070-G1-004-5",2,1,7,6,0
4,"HR_164","HR_005","2022-HR-005-G1-004-8",7,1,12,12,9
4,"HR_085","HR_035","2022-HR-035-G1-004-8",8,1,7,7,6
4,"HR_008","HR_058","2022-HR-058-G1-004-2",8,1,8,7,0
4,"HR_008","HR_012","2022-HR-012-G1-004-1",8,1,0,0,0
4,"HR_027","HR_145","2022-HR-145-G1-004-6",8,1,7,7,4
4,"HR_125","HR_034","2022-HR-034-G1-004-7",8,1,3,3,6
4,"HR_090","HR_053","2022-HR-053-G1-004-7",7,1,6,5,1
4,"HR_135","HR_083","2022-HR-083-G1-004-4",7,1,5,5,1
4,"HR_141","HR_184","2022-HR-184-G1-004-8",8,1,6,6,6
4,"HR_008","HR_042","2022-HR-042-G1-004-8",6,1,11,11,1
4,"HR_088","HR_067","2022-HR-067-G1-004-3",8,1,13,13,0
4,"HR_069","HR_156","2022-HR-156-G1-004-6",8,1,10,10,7
4,"HR_147","HR_118","2022-HR-118-G1-004-1",7,1,5,5,3
4,"HR_100","HR_192","2022-HR-192-G1-004-6",7,1,3,2,0
4,"HR_121","HR_139","2022-HR-139-G1-004-6",8,1,11,10,4
4,"HR_066","HR_078","2022-HR-078-G1-004-5",6,1,8,8,12
4,"HR_034","HR_017","2022-HR-017-G1-004-3",8,1,15,15,4
4,"HR_059","HR_011","2022-HR-011-G1-004-4",8,1,9,9,11
4,"HR_090","HR_126","2022-HR-126-G1-004-8",8,1,33,29,16
4,"HR_034","HR_080","2022-HR-080-G1-004-5",7,1,6,5,1
4,"HR_147","HR_150","2022-HR-150-G1-004-5",8,1,19,16,8
4,"HR_131","HR_049","2022-HR-049-G1-004-4",8,1,14,14,8
4,"HR_133","HR_158","2022-HR-158-G1-004-7",8,1,10,8,3
4,"HR_175","HR_196","2022-HR-196-G1-004-1",8,1,10,10,15
4,"HR_070","HR_061","2022-HR-061-G1-004-3",7,1,0,0,0
4,"HR_005","HR_040","2022-HR-040-G1-004-5",6,1,17,17,14
4,"HR_110","HR_039","2022-HR-039-G1-004-6",7,1,32,30,20
4,"HR_121","HR_141","2022-HR-141-G1-004-4",8,1,9,9,5
4,"HR_156","HR_193","2022-HR-193-G1-004-3",7,1,16,16,15
5,"HR_148","HR_050","2022-HR-050-G1-005-6",5,1,53,48,62
5,"HR_155","HR_047","2022-HR-047-G1-005-5",8,1,2,2,7
5,"HR_090","HR_103","2022-HR-103-G1-005-8",8,1,25,23,62
5,"HR_200","HR_153","2022-HR-153-G1-005-1",8,1,0,0,0
5,"HR_196","HR_170","2022-HR-170-G1-005-4",7,1,11,10,12
5,"HR_139","HR_127","2022-HR-127-G1-005-1",6,1,14,14,42
5,"HR_135","HR_152","2022-HR-152-G1-005-7",8,1,0,0,0
5,"HR_148","HR_109","2022-HR-109-G1-005-8",8,1,1,1,0
5,"HR_195","HR_181","2022-HR-181-G1-005-6",7,1,15,15,16
5,"HR_057","HR_110","2022-HR-110-G1-005-4",8,1,8,8,29
5,"HR_085","HR_176","2022-HR-176-G1-005-6",8,1,9,9,15
5,"HR_066","HR_087","2022-HR-087-G1-005-3",7,1,5,5,4
5,"HR_171","HR_073","2022-HR-073-G1-005-5",8,1,18,16,24
5,"HR_070","HR_123","2022-HR-123-G1-005-6",7,1,8,7,12
5,"HR_171","HR_057","2022-HR-057-G1-005-5",8,1,9,9,15
5,"HR_149","HR_065","2022-HR-065-G1-005-4",7,1,14,14,29
5,"HR_160","HR_033","2022-HR-033-G1-005-6",5,1,14,14,7
5,"HR_196","HR_054","2022-HR-054-G1-005-5",8,1,2,2,1
5,"HR_027","HR_119","2022-HR-119-G1-005-1",7,1,11,11,31
5,"HR_133","HR_072","2022-HR-072-G1-005-6",7,1,7,7,16
5,"HR_108","HR_177","2022-HR-177-G1-005-6",8,1,10,10,17
5,"HR_164","HR_201","2022-HR-201-G1-005-6",8,1,14,13,5
5,"HR_196","HR_183","2022-HR-183-G1-005-3",8,1,4,3,6
5,"HR_125","HR_086","2022-HR-086-G1-005-3",5,1,1,1,0
5,"HR_062","HR_134","2022-HR-134-G1-005-8",7,1,8,8,11
5,"HR_057","HR_006","2022-HR-006-G1-005-1",8,1,2,1,1
5,"HR_156","HR_197","2022-HR-197-G1-005-1",7,1,1,1,0
5,"HR_069","HR_133","2022-HR-133-G1-005-5",8,1,0,0,0
5,"HR_005","HR_180","2022-HR-180-G1-005-8",7,1,17,16,46
5,"HR_115","HR_131","2022-HR-131-G1-005-2",7,1,3,3,0
5,"HR_141","HR_044","2022-HR-044-G1-005-3",7,1,14,13,4
5,"HR_147","HR_021","2022-HR-021-G1-005-1",6,1,5,5,0
5,"HR_095","HR_124","2022-HR-124-G1-005-6",6,1,4,3,1
5,"HR_160","HR_173","2022-HR-173-G1-005-3",7,1,0,0,0
5,"HR_195","HR_068","2022-HR-068-G1-005-7",7,1,1,1,0
5,"HR_074","HR_066","2022-HR-066-G1-005-3",7,1,5,5,7
5,"HR_006","HR_142","2022-HR-142-G1-005-6",8,1,5,5,10
5,"HR_006","HR_162","2022-HR-162-G1-005-6",7,1,7,7,8
5,"HR_095","HR_020","2022-HR-020-G1-005-6",8,1,5,5,7
5,"HR_070","HR_165","2022-HR-165-G1-005-5",8,1,17,15,39
5,"HR_139","HR_062","2022-HR-062-G1-005-2",7,1,26,25,20
5,"HR_027","HR_043","2022-HR-043-G1-005-1",8,1,11,11,23
5,"HR_131","HR_046","2022-HR-046-G1-005-4",8,1,0,0,0
5,"HR_155","HR_009","2022-HR-009-G1-005-6",8,1,20,19,23
5,"HR_171","HR_001","2022-HR-001-G1-005-5",8,1,14,13,14
5,"HR_002","HR_056","2022-HR-056-G1-005-7",8,1,19,19,44
6,"HR_175","HR_027","2022-HR-027-G1-006-5",8,1,27,20,44
6,"HR_034","HR_112","2022-HR-112-G1-006-7",7,1,0,0,0
6,"HR_064","HR_028","2022-HR-028-G1-006-1",8,1,21,11,30
6,"HR_053","HR_092","2022-HR-092-G1-006-3",6,1,13,7,30
6,"HR_064","HR_019","2022-HR-019-G1-006-4",8,1,15,14,2
6,"HR_180","HR_023","2022-HR-023-G1-006-3",8,1,7,5,10
6,"HR_115","HR_111","2022-HR-111-G1-006-4",8,1,6,6,3
6,"HR_139","HR_129","2022-HR-129-G1-006-7",7,1,11,9,17
6,"HR_200","HR_010","2022-HR-010-G1-006-1",5,1,0,0,0
6,"HR_200","HR_159","2022-HR-159-G1-006-4",6,1,7,6,9
6,"HR_100","HR_195","2022-HR-195-G1-006-5",8,1,5,5,22
6,"HR_168","HR_148","2022-HR-148-G1-006-4",8,1,9,8,28
6,"HR_160","HR_079","2022-HR-079-G1-006-1",6,1,7,7,4
6,"HR_168","HR_101","2022-HR-101-G1-006-4",5,1,41,38,80
6,"HR_110","HR_037","2022-HR-037-G1-006-6",5,1,0,0,0
6,"HR_088","HR_182","2022-HR-182-G1-006-6",7,1,15,14,3
6,"HR_155","HR_121","2022-HR-121-G1-006-7",6,1,5,5,4
6,"HR_074","HR_115","2022-HR-115-G1-006-6",4,1,1,1,2
6,"HR_088","HR_014","2022-HR-014-G1-006-5",8,1,23,21,20
6,"HR_157","HR_095","2022-HR-095-G1-006-6",8,1,9,6,5
6,"HR_064","HR_190","2022-HR-190-G1-006-4",8,1,9,7,6
6,"HR_115","HR_026","2022-HR-026-G1-006-2",8,1,10,10,6
6,"HR_002","HR_059","2022-HR-059-G1-006-4",6,1,8,8,7
6,"HR_148","HR_114","2022-HR-114-G1-006-7",8,1,8,8,16
6,"HR_180","HR_179","2022-HR-179-G1-006-6",8,1,7,7,3
6,"HR_100","HR_135","2022-HR-135-G1-006-3",5,1,3,2,0
6,"HR_108","HR_016","2022-HR-016-G1-006-8",8,1,25,23,8
6,"HR_195","HR_104","2022-HR-104-G1-006-2",8,1,5,4,2
6,"HR_133","HR_161","2022-HR-161-G1-006-7",8,1,9,9,6
6,"HR_131","HR_113","2022-HR-113-G1-006-5",7,1,17,16,13
6,"HR_053","HR_038","2022-HR-038-G1-006-7",8,1,0,0,0
6,"HR_059","HR_155","2022-HR-155-G1-006-4",8,1,12,11,9
6,"HR_157","HR_088","2022-HR-088-G1-006-2",8,1,11,10,9
6,"HR_121","HR_105","2022-HR-105-G1-006-1",8,1,14,14,3
6,"HR_189","HR_051","2022-HR-051-G1-006-6",7,1,7,7,6
6,"HR_141","HR_015","2022-HR-015-G1-006-7",8,1,18,14,18
6,"HR_095","HR_178","2022-HR-178-G1-006-2",8,1,10,9,31
6,"HR_149","HR_174","2022-HR-174-G1-006-7",8,1,4,4,1
6,"HR_164","HR_041","2022-HR-041-G1-006-6",8,1,51,17,58
6,"HR_156","HR_025","2022-HR-025-G1-006-3",3,1,9,7,9
6,"HR_062","HR_116","2022-HR-116-G1-006-3",8,1,24,19,2
6,"HR_066","HR_137","2022-HR-137-G1-006-4",8,1,17,13,15
6,"HR_110","HR_032","2022-HR-032-G1-006-3",8,1,1,1,0
6,"HR_189","HR_018","2022-HR-018-G1-006-4",8,1,0,0,0
6,"HR_005","HR_149","2022-HR-149-G1-006-3",8,1,2,0,0
7,"HR_066","HR_078","2022-HR-078-G1-007-3",6,1,17,13,38
7,"HR_180","HR_023","2022-HR-023-G1-007-3",8,1,38,35,193
7,"HR_074","HR_070","2022-HR-070-G1-007-2",3,1,25,23,71
7,"HR_160","HR_173","2022-HR-173-G1-007-3",7,1,2,1,0
7,"HR_100","HR_192","2022-HR-192-G1-007-1",5,1,22,22,38
7,"HR_195","HR_104","2022-HR-104-G1-007-5",6,1,4,3,1
7,"HR_133","HR_161","2022-HR-161-G1-007-4",8,1,2,2,6
7,"HR_064","HR_028","2022-HR-028-G1-007-6",7,1,59,59,156
7,"HR_002","HR_059","2022-HR-059-G1-007-7",8,1,29,29,41
7,"HR_164","HR_005","2022-HR-005-G1-007-3",7,1,18,18,43
7,"HR_070","HR_061","2022-HR-061-G1-007-3",7,1,18,17,12
7,"HR_110","HR_032","2022-HR-032-G1-007-1",8,1,2,2,17
7,"HR_108","HR_175","2022-HR-175-G1-007-7",6,1,26,24,65
7,"HR_005","HR_180","2022-HR-180-G1-007-5",6,1,1,1,0
7,"HR_135","HR_152","2022-HR-152-G1-007-2",8,1,8,6,4
7,"HR_059","HR_155","2022-HR-155-G1-007-1",8,1,14,14,19
7,"HR_171","HR_057","2022-HR-057-G1-007-2",7,1,9,8,7
7,"HR_088","HR_067","2022-HR-067-G1-007-5",8,1,15,14,23
7,"HR_034","HR_112","2022-HR-112-G1-007-3",6,1,25,24,53
7,"HR_062","HR_136","2022-HR-136-G1-007-2",7,1,11,9,3
7,"HR_131","HR_046","2022-HR-046-G1-007-4",6,1,14,13,29
7,"HR_002","HR_056","2022-HR-056-G1-007-5",8,1,0,0,0
7,"HR_200","HR_010","2022-HR-010-G1-007-1",5,1,6,0,0
7,"HR_006","HR_142","2022-HR-142-G1-007-5",7,1,22,18,37
7,"HR_066","HR_137","2022-HR-137-G1-007-5",8,1,15,9,7
7,"HR_034","HR_017","2022-HR-017-G1-007-3",8,1,8,8,4
7,"HR_008","HR_058","2022-HR-058-G1-007-2",8,1,0,0,0
7,"HR_180","HR_179","2022-HR-179-G1-007-5",8,1,13,13,6
7,"HR_196","HR_054","2022-HR-054-G1-007-4",8,1,3,3,4
7,"HR_164","HR_201","2022-HR-201-G1-007-4",7,1,8,8,4
7,"HR_141","HR_015","2022-HR-015-G1-007-2",8,1,25,21,38
7,"HR_070","HR_165","2022-HR-165-G1-007-3",8,1,13,12,4
7,"HR_141","HR_184","2022-HR-184-G1-007-7",8,1,0,0,0
7,"HR_095","HR_124","2022-HR-124-G1-007-8",5,1,3,3,3
7,"HR_148","HR_114","2022-HR-114-G1-007-3",8,1,14,11,22
7,"HR_139","HR_127","2022-HR-127-G1-007-2",8,1,12,10,11
7,"HR_088","HR_182","2022-HR-182-G1-007-7",8,1,6,6,4
7,"HR_057","HR_147","2022-HR-147-G1-007-2",6,1,0,0,0
7,"HR_062","HR_134","2022-HR-134-G1-007-5",8,1,0,0,0
7,"HR_149","HR_065","2022-HR-065-G1-007-1",8,1,15,14,13
7,"HR_171","HR_001","2022-HR-001-G1-007-5",8,1,23,18,51
7,"HR_196","HR_183","2022-HR-183-G1-007-1",8,1,6,6,5
7,"HR_168","HR_148","2022-HR-148-G1-007-7",8,1,15,10,30
7,"HR_069","HR_156","2022-HR-156-G1-007-7",8,1,19,16,23
7,"HR_131","HR_049","2022-HR-049-G1-007-1",7,1,8,7,4
7,"HR_115","HR_131","2022-HR-131-G1-007-1",4,1,22,22,28
8,"HR_121","HR_139","2022-HR-139-G1-008-1",7,1,27,23,49
8,"HR_064","HR_019","2022-HR-019-G1-008-3",7,1,29,29,10
8,"HR_155","HR_121","2022-HR-121-G1-008-1",5,1,0,0,0
8,"HR_147","HR_150","2022-HR-150-G1-008-2",8,1,0,0,0
8,"HR_053","HR_092","2022-HR-092-G1-008-2",6,1,8,5,16
8,"HR_164","HR_041","2022-HR-041-G1-008-6",7,1,18,15,50
8,"HR_160","HR_033","2022-HR-033-G1-008-7",8,1,5,4,2
8,"HR_053","HR_169","2022-HR-169-G1-008-6",7,1,11,10,11
8,"HR_133","HR_072","2022-HR-072-G1-008-5",6,1,6,6,0
8,"HR_108","HR_177","2022-HR-177-G1-008-2",6,1,10,9,25
8,"HR_189","HR_051","2022-HR-051-G1-008-8",7,1,19,14,2
8,"HR_175","HR_164","2022-HR-164-G1-008-3",8,1,17,15,49
8,"HR_027","HR_119","2022-HR-119-G1-008-6",8,1,15,14,79
8,"HR_121","HR_141","2022-HR-141-G1-008-6",8,1,0,0,0
8,"HR_133","HR_158","2022-HR-158-G1-008-3",8,1,0,0,0
8,"HR_115","HR_026","2022-HR-026-G1-008-2",8,1,11,9,4
8,"HR_095","HR_178","2022-HR-178-G1-008-6",8,1,24,22,24
8,"HR_008","HR_042","2022-HR-042-G1-008-8",7,1,14,12,2
8,"HR_008","HR_012","2022-HR-012-G1-008-1",7,1,17,17,33
8,"HR_200","HR_153","2022-HR-153-G1-008-3",8,1,11,11,15
8,"HR_069","HR_133","2022-HR-133-G1-008-5",8,1,16,12,21
8,"HR_057","HR_110","2022-HR-110-G1-008-1",8,1,9,9,8
8,"HR_027","HR_145","2022-HR-145-G1-008-4",8,1,3,3,4
8,"HR_115","HR_111","2022-HR-111-G1-008-1",7,1,13,13,4
8,"HR_006","HR_162","2022-HR-162-G1-008-7",8,1,8,7,4
8,"HR_148","HR_109","2022-HR-109-G1-008-3",7,1,6,5,7
8,"HR_156","HR_025","2022-HR-025-G1-008-1",6,1,0,0,0
8,"HR_149","HR_007","2022-HR-007-G1-008-3",7,1,3,1,0
8,"HR_085","HR_176","2022-HR-176-G1-008-8",8,1,22,17,18
8,"HR_168","HR_064","2022-HR-064-G1-008-1",8,1,6,6,0
8,"HR_057","HR_006","2022-HR-006-G1-008-1",8,1,5,5,2
8,"HR_074","HR_115","2022-HR-115-G1-008-6",6,1,10,10,8
8,"HR_135","HR_083","2022-HR-083-G1-008-5",8,1,16,13,21
8,"HR_059","HR_166","2022-HR-166-G1-008-3",8,1,5,5,1
8,"HR_157","HR_088","2022-HR-088-G1-008-5",7,1,34,34,56
8,"HR_189","HR_168","2022-HR-168-G1-008-2",7,1,10,9,10
8,"HR_195","HR_068","2022-HR-068-G1-008-7",8,1,18,14,6
8,"HR_195","HR_181","2022-HR-181-G1-008-6",7,1,17,16,29
8,"HR_125","HR_034","2022-HR-034-G1-008-6",5,1,7,7,6
8,"HR_189","HR_018","2022-HR-018-G1-008-6",8,1,20,20,32
8,"HR_095","HR_020","2022-HR-020-G1-008-7",8,1,0,0,0
8,"HR_062","HR_116","2022-HR-116-G1-008-7",8,1,5,3,5
8,"HR_088","HR_014","2022-HR-014-G1-008-1",5,1,10,6,6
8,"HR_005","HR_040","2022-HR-040-G1-008-8",6,1,27,24,20
8,"HR_002","HR_071","2022-HR-071-G1-008-5",7,1,20,19,4
8,"HR_160","HR_079","2022-HR-079-G1-008-8",8,1,1,1,5
9,"HR_156","HR_193","2022-HR-193-G1-009-1",8,1,43,40,137
9,"HR_108","HR_016","2022-HR-016-G1-009-2",8,1,7,7,10
9,"HR_064","HR_190","2022-HR-190-G1-009-7",7,1,10,8,18
9,"HR_135","HR_004","2022-HR-004-G1-009-4",6,1,8,6,13
9,"HR_131","HR_113","2022-HR-113-G1-009-4",8,1,14,12,26
9,"HR_155","HR_009","2022-HR-009-G1-009-7",8,1,12,7,16
9,"HR_090","HR_103","2022-HR-103-G1-009-1",8,1,11,7,5
9,"HR_171","HR_073","2022-HR-073-G1-009-4",8,1,15,11,12
9,"HR_005","HR_149","2022-HR-149-G1-009-7",8,1,9,8,1
9,"HR_147","HR_021","2022-HR-021-G1-009-8",8,1,8,7,11
9,"HR_125","HR_086","2022-HR-086-G1-009-3",8,1,6,5,12
9,"HR_121","HR_105","2022-HR-105-G1-009-5",8,1,9,9,43
9,"HR_069","HR_108","2022-HR-108-G1-009-1",7,1,28,28,10
9,"HR_157","HR_085","2022-HR-085-G1-009-8",8,1,31,24,38
9,"HR_156","HR_197","2022-HR-197-G1-009-4",8,1,4,4,5
9,"HR_006","HR_146","2022-HR-146-G1-009-5",7,1,16,14,1
9,"HR_157","HR_095","2022-HR-095-G1-009-3",8,1,11,10,25
9,"HR_090","HR_053","2022-HR-053-G1-009-4",8,1,24,24,28
9,"HR_175","HR_196","2022-HR-196-G1-009-6",8,1,17,17,29
9,"HR_168","HR_101","2022-HR-101-G1-009-6",8,1,2,2,6
9,"HR_175","HR_027","2022-HR-027-G1-009-3",8,1,4,2,7
9,"HR_100","HR_135","2022-HR-135-G1-009-2",6,1,9,9,7
9,"HR_066","HR_087","2022-HR-087-G1-009-4",8,1,37,35,39
9,"HR_059","HR_011","2022-HR-011-G1-009-8",8,1,36,35,72
9,"HR_148","HR_050","2022-HR-050-G1-009-7",4,1,15,15,21
9,"HR_155","HR_047","2022-HR-047-G1-009-7",8,1,17,16,32
9,"HR_027","HR_043","2022-HR-043-G1-009-4",7,1,15,14,20
9,"HR_070","HR_123","2022-HR-123-G1-009-8",8,1,25,21,23
9,"HR_141","HR_044","2022-HR-044-G1-009-6",7,1,4,4,9
9,"HR_085","HR_035","2022-HR-035-G1-009-3",8,1,11,8,16
9,"HR_147","HR_118","2022-HR-118-G1-009-1",8,1,20,15,17
9,"HR_090","HR_126","2022-HR-126-G1-009-8",8,1,0,0,0
9,"HR_196","HR_170","2022-HR-170-G1-009-7",7,1,31,27,55
9,"HR_034","HR_080","2022-HR-080-G1-009-4",6,1,18,18,17
9,"HR_053","HR_038","2022-HR-038-G1-009-7",8,1,54,28,34
9,"HR_074","HR_066","2022-HR-066-G1-009-5",6,1,17,13,46
9,"HR_139","HR_062","2022-HR-062-G1-009-5",8,1,0,0,0
9,"HR_139","HR_129","2022-HR-129-G1-009-1",8,1,14,11,12
9,"HR_110","HR_039","2022-HR-039-G1-009-2",8,1,24,21,50
9,"HR_110","HR_037","2022-HR-037-G1-009-6",8,1,12,11,33
9,"HR_085","HR_107","2022-HR-107-G1-009-1",8,1,3,2,1
9,"HR_200","HR_159","2022-HR-159-G1-009-5",7,1,14,9,7
9,"HR_100","HR_195","2022-HR-195-G1-009-7",6,1,15,9,18
9,"HR_180","HR_036","2022-HR-036-G1-009-8",8,1,0,0,0
9,"HR_149","HR_174","2022-HR-174-G1-009-6",8,1,26,17,25
